{
  "Average Latency": 3.528817892074585,
  "MRR": 0.7000000000000001,
  "NDCG": 0.7257201317872851,
  "BLEU": 0.04633737565877292
}